Route,Run,0
1,1,8247.83463967796
1,2,8552.044645914964
100,1,5753.782624175884
100,2,5209.819718805604
101,1,10804.467542302973
101,2,10653.942466259085
102,1,17946.583036743006
102,2,17944.184271783117
103,1,13085.734200654586
103,2,13205.059084703471
104,1,9330.078425219179
104,2,9311.489849517711
105,1,14541.47958668365
105,2,15270.610359884624
106,1,9161.472507013845
106,2,9407.82648720335
107,1,17338.66903977536
107,2,17063.23132840972
108,1,14117.54693605899
108,2,14495.827207203343
108,3,1068.3756101017605
108,4,1201.1703328584908
108,5,10548.756229498034
109,1,10875.663652180589
109,2,11010.798274837587
11,1,11061.305331853902
11,2,10512.739028334856
110,1,17817.54745692615
110,2,17750.635019344365
111,1,23565.477712529406
111,2,22713.319199062887
112,1,15683.70625639993
112,2,15680.276869477211
113,1,17471.66943265803
113,2,17231.376713660433
114,1,17203.49869900777
114,2,17358.693372458296
115,1,10232.379319168971
115,2,10409.57827835887
116,1,8957.841942146086
116,2,8899.295196585252
117,1,16570.781221283276
117,2,16227.534147301634
118,1,12260.721391670444
118,2,11876.457050284733
119,1,16060.66195139349
119,2,16361.049988527
12,1,11432.370815895078
12,2,10703.876252386472
120,1,12247.761484204413
120,2,12477.516453896666
121,1,18287.40401952329
121,2,18341.925114114958
122,1,17537.982701029472
122,2,17356.368690410127
123,1,17647.561218326453
123,2,17138.02827315989
124,1,12277.505857856395
124,2,12437.77093568697
125,1,16026.75345388289
125,2,15915.085813108624
126,1,9164.914312113284
126,2,9766.201274055296
127,1,14392.401498762407
127,2,14704.6792553535
128,1,16774.505569316727
128,2,17239.99731124367
129,1,3784.4263335747564
129,2,3869.1845967806903
13,1,15129.02541770873
13,2,15217.099847027659
130,1,13994.374342522533
130,2,14081.76153606778
131,1,12086.175811133966
131,2,11726.540952791322
132,1,16055.199833500179
132,2,16123.612273499413
133,1,11081.000189421497
133,2,11143.34328102529
134,1,11869.661335191602
134,2,12191.728354642706
135,1,12302.745624203393
135,2,11644.876789322292
136,1,16024.662816104217
136,2,15717.935233388247
137,1,9821.15887170575
137,2,9907.597823754873
138,1,5990.426700868053
138,2,6633.752118725688
139,1,11869.439244762663
139,2,11698.910210523418
14,1,11104.45212923469
14,2,11210.337943525385
140,1,14816.055511187755
140,2,14371.182220195635
141,1,12476.045271093906
141,2,12471.615282596824
142,1,18153.09259230153
142,2,18571.166240207516
143,1,11622.198848587965
143,2,11784.575228260399
144,1,9945.88205636991
144,2,9968.79052407092
145,1,17801.6422966849
145,2,18176.196854110993
146,1,9174.2111145435
146,2,9409.714559722695
147,1,9737.289435897863
147,2,9853.177780220838
148,1,13082.407929374938
148,2,12948.431625279953
149,1,13905.540088171689
149,2,13755.823044656627
15,1,9188.57192932004
15,2,9110.898694629535
150,1,14284.184447331278
150,2,14479.10233669994
151,1,14215.341154184918
151,2,13777.819754851273
152,1,12109.956624486704
152,2,11338.236641147878
153,1,7591.7511355070055
153,2,7690.607468467956
154,1,15451.742696340578
154,2,15485.362394783477
155,1,10170.501917937678
155,2,10339.879800324583
156,1,11666.522743679097
156,2,11256.276758976366
157,1,17741.003380014645
157,2,17661.53847657799
158,1,10883.535345074017
158,2,10908.715493971666
159,1,11290.847368111434
159,2,11410.156507847438
16,1,8916.106874376168
16,2,9139.023477708035
160,1,16132.265729957311
160,2,16403.160618937247
161,1,16696.858147967167
161,2,15850.103011499883
162,1,18737.485820976424
162,2,18691.141743427273
163,1,7628.057350961886
163,2,7490.307558323757
164,1,9655.657241656168
164,2,9697.164752430497
165,1,15724.188175146326
165,2,15653.245806190907
166,1,23615.520716734864
166,2,22679.31044089486
167,1,12634.118702497988
167,2,12773.912601126434
168,1,10536.910096700727
168,2,10282.907316156061
169,1,8999.01166195018
169,2,9162.060345058913
17,1,8718.791927014976
17,2,8938.352859889546
170,1,12176.298852293357
170,2,12472.799716720254
171,1,13366.879841445252
171,2,13272.038002744997
172,1,10891.380482607414
172,2,10802.71023481121
173,1,14375.35266165239
173,2,14575.439816464694
174,1,16018.021294658074
174,2,16924.402982964184
175,1,11802.047008648979
175,2,12038.62352378712
176,1,15101.16588242971
176,2,14857.199438973987
177,1,17706.86991152579
177,2,17962.775245974735
178,1,10203.041745458693
178,2,10278.045833468845
179,1,12754.814187542552
179,2,12653.006279653331
18,1,14043.780869554848
18,2,14306.31712166626
180,1,16683.79527237446
180,2,16870.462472987478
180,3,8986.477656263882
180,4,8074.737258017576
181,1,11400.977312876135
181,2,11601.959054518062
182,1,17080.14060573684
182,2,17069.621699912113
183,1,16378.173330282201
183,2,16266.839697832744
184,1,14635.498891866138
184,2,14981.871724469633
185,1,14384.761074239326
185,2,14677.016856412194
186,1,18261.21942546786
186,2,18015.577234333938
187,1,11476.9766200984
187,2,11664.411328927481
188,1,14395.011108753446
188,2,14768.623289120012
189,1,9546.708141756559
189,2,9478.809581037964
19,1,12751.223672752703
19,2,12464.820179259237
190,1,10079.645287346282
190,2,9878.251452685028
191,1,14791.848551116092
191,2,14697.723770416733
192,1,8892.450679667372
192,2,8962.040129035397
193,1,10891.834543317947
193,2,10592.863045165897
194,1,17069.84326604365
194,2,16880.383323733804
195,1,15710.309567662756
195,2,15443.98922531597
196,1,14111.258324425018
196,2,14193.91032687174
197,1,14448.753813044244
197,2,14614.808873027318
198,1,10664.931070990038
198,2,10273.330555135832
199,1,9990.265123964302
199,2,9704.964108167107
2,1,11993.137019878364
2,2,11844.044790411404
20,1,15663.230818817368
20,2,15355.743610669013
200,1,10674.05885600785
200,2,10987.118793266134
201,1,11930.205677748296
201,2,11881.04284103162
202,1,12822.022179879476
202,2,12847.499328955822
203,1,14160.05505701374
203,2,14183.003829413828
204,1,12962.889524385431
204,2,12966.149159140481
205,1,12891.365779751182
205,2,13381.242426931169
206,1,11799.049003592838
206,2,11869.778284636108
207,1,13474.532913200475
207,2,13636.44436625244
208,1,17569.562137170033
208,2,17522.603991956275
209,1,2931.1784325865847
209,2,2952.6137067230225
21,1,13696.557915514533
21,2,13534.497308245733
210,1,10630.7822281741
210,2,10255.473707752952
211,1,9952.421565468629
211,2,9846.224523377083
212,1,8092.946298772737
212,2,8101.877729021451
213,1,13281.64633608199
213,2,13572.832069967453
214,1,8933.634433206662
214,2,9042.122228310045
215,1,8263.96664116229
215,2,8185.259807436147
216,1,19093.362168724176
216,2,19097.102564356544
217,1,12955.461140285786
217,2,12858.488962018868
218,1,8139.858126313162
218,2,8105.7883202190205
219,1,9144.912397512504
219,2,9171.826513617789
22,1,9427.033618307381
22,2,9459.913612686012
220,1,11528.004824949032
220,2,11227.446119467835
221,1,15946.316862936677
221,2,15450.690358931952
222,1,15427.034252564184
222,2,15093.110139770559
223,1,9446.3918575178
223,2,9894.546283860664
224,1,9057.815224836542
224,2,9129.521233213567
225,1,7748.1005653189095
225,2,7239.388111119269
226,1,13489.052481130137
226,2,13552.661035580459
227,1,8167.045414290708
227,2,8456.691245615666
228,1,12374.133248906128
228,2,12597.019465298652
229,1,19476.34407634428
229,2,19816.986016381255
23,1,13002.020548280383
23,2,12717.179552463173
230,1,10764.926464002028
230,2,10420.045239878678
231,1,9666.621100516255
231,2,9759.837060868595
232,1,18867.793809892384
232,2,18878.921241838652
233,1,13769.363583181319
233,2,13898.923856827345
234,1,11729.657062021508
234,2,11711.240472203881
235,1,15142.086270087979
235,2,15147.153610952657
236,1,9870.385751274122
236,2,9647.254920488027
237,1,13674.395905370106
237,2,14172.08463740141
238,1,6920.392049952615
238,2,6808.051966324701
24,1,9852.647073777394
24,2,10188.177402131458
240,1,11453.453327453692
240,2,11500.41358161802
241,1,7346.575676180531
241,2,7513.247757459526
242,1,8371.936715485992
242,2,8290.021142589956
243,1,15476.740583000817
243,2,15258.234386641345
244,1,11870.78020730927
244,2,12241.91459436203
245,1,14101.157863918761
245,2,14091.367361454764
246,1,22425.76066639631
246,2,22949.895740433236
247,1,12264.600367411309
247,2,11810.709125245425
248,1,10068.961692796587
248,2,10102.088360807633
249,1,12370.557780321084
249,2,12096.452105733997
25,1,14173.114010484369
25,2,14427.757473633654
250,1,11916.935449333016
250,2,11399.213879268653
251,1,14025.544641662622
251,2,14030.014700724032
252,1,12012.736550267324
252,2,12275.903260432568
253,1,11618.230698296067
253,2,11729.175778673003
254,1,12405.988389344819
254,2,12623.067959512866
255,1,8946.108378045441
255,2,8207.028393557337
256,1,11143.487260652002
256,2,10225.72221093633
256D,1,10225.72221093633
257,1,7672.177353898203
257,2,7718.494682280852
258,1,14781.772569236411
258,2,14785.802119189915
259,1,12258.254094563134
259,2,12857.383741145097
26,1,9521.453944817953
26,2,9653.094825903585
260,1,15019.103599735356
260,2,14908.230860591038
261,1,13579.77031861046
261,2,13746.190942697625
262,1,9217.473943678351
262,2,9174.617966454869
263,1,16523.066143445936
263,2,16432.265471599356
264,1,10193.243611307329
264,2,9419.51211169565
265,1,16691.47719591785
265,2,15194.405683029125
266,1,11443.116833645448
266,2,11636.265452294532
267,1,13048.955853318701
267,2,13247.875764931396
268,1,5171.3612376993515
268,2,5388.799410190946
269,1,14780.07581291238
269,2,14403.088378650351
27,1,10510.141633460957
27,2,12346.421032586835
270,1,9544.443916013413
270,2,9292.667903838645
271,1,7489.069707319483
271,2,7424.614240127444
272,1,8741.871694152163
272,2,8311.404027192462
273,1,16899.349220257474
273,2,16338.403858226886
274,1,10283.527202217976
274,2,9888.303066861587
275,1,13709.588936854472
275,2,13585.810113932617
276,1,15796.638336045278
276,2,14441.813686209656
277,1,11024.254974343088
277,2,11228.655057194022
278,1,16005.581049911712
278,2,15286.495897213088
279,1,14041.109263501938
279,2,14040.475476514084
28,1,12553.02881479388
28,2,11344.444529641347
280,1,12122.979596076488
280,2,12861.337090122814
281,1,17125.261320767793
281,2,16685.973216266073
282,1,17818.54151131064
282,2,17805.75562699863
283,1,5961.296991832963
283,2,6764.836303763275
284,1,9586.418977110938
284,2,9769.390891087687
285,1,17958.659579146915
285,2,17003.184152703514
286,1,13883.229749983935
286,2,13380.956694499737
287,1,11949.497662903994
287,2,12123.937873103432
288,1,5358.341143269202
288,2,5782.383953180646
289,1,13690.91867819923
289,2,13857.774788154264
29,1,11472.710374133669
29,2,11369.55626254198
290,1,16006.332472432248
290,2,15758.873451574613
291,1,4544.189113056867
291,2,6154.996758365593
292,1,13015.976633841125
292,2,13180.848859176069
293,1,11401.40210513487
293,2,12726.865973303047
294,1,14308.26558574151
294,2,14651.201527812927
295,1,10941.701857364335
295,2,11063.01719637674
296,1,11922.092102159417
296,2,12117.456238889768
297,1,13447.438253581517
297,2,13350.551600913628
298,1,11834.439035606114
298,2,11514.859686898999
299,1,8399.02979563216
299,2,8514.252160337786
3,1,11700.005176273555
3,2,11658.608585144006
30,1,11575.230298640414
30,2,11766.463259988934
300,1,11408.326305795954
300,2,11128.989336516464
301,1,11540.302842444082
301,2,11279.113295749936
302,1,11618.989503661986
302,2,11634.510823831286
303,1,9448.96256851882
303,2,9322.646015167446
306,1,8489.232286950704
306,2,7537.498081722437
307,1,14359.415739554195
307,2,14677.415186096416
308,1,11989.253902735205
308,2,11402.987440027688
309,1,6792.795931505815
309,2,6702.382096515998
31,1,10003.66919577814
31,2,9800.555966939246
312,1,6746.9155387532755
312,2,6920.538574231335
313,1,18431.627869720374
313,2,17900.11837325636
314,1,20498.879969183457
314,2,20591.62854765803
315,1,4692.23305218091
315,2,5436.828979015348
316,1,9433.525183075639
316,2,9417.418432587428
317,1,7460.773410106268
317,2,7327.0919763215625
318,1,8320.695430066464
318,2,8324.268244472234
319,1,11330.52133665361
319,2,11287.442874554807
32,1,10817.153853294143
32,2,10707.436938842162
320,1,18357.86451076194
320,2,18596.182491406944
321,1,14536.59444341314
321,2,14610.877732992336
322,1,9536.3550758972
322,2,9311.172941042087
323,1,4238.5631248012505
323,2,4271.96327347191
324,1,13726.902364510592
324,2,14482.140269236681
325,1,11213.42552471246
325,2,11298.37333890976
326,1,15643.877126025805
326,2,15469.4473952783
327,1,1971.2204892733625
327,2,2298.8627724801386
328,1,11835.292247846806
328,2,12272.520007130239
329,1,8461.660058675587
329,2,8470.699640911724
33,1,12810.281157283693
33,2,12873.443745758797
330,1,5441.073170217616
330,2,5448.5774157432015
331,1,19642.44182708283
331,2,19626.82205756183
332,1,11214.123142611976
332,2,10653.176642751236
333,1,11407.961595100547
333,2,11442.336298257243
335,1,6993.991786868838
335,2,6463.021095095082
336,1,14211.018536064994
336,2,14371.8015488736
337,1,10262.37459665323
337,2,10692.509675478323
339,1,10976.009718472018
339,2,11001.179373606548
34,1,17469.13538760043
34,2,17373.204480662553
340,1,9136.542884309674
340,2,9158.12492874013
341,1,16052.098839115297
341,2,16145.270863759342
343,1,12499.346911622382
343,2,12315.274082204425
344,1,10227.94287157125
344,2,10171.400946467591
345,1,13134.275044627642
345,2,13358.956859814629
346,1,2789.5093719230654
346,2,3480.130220703722
347,1,18251.23252672816
347,2,18316.8867508754
349,1,9063.139795785759
349,2,9164.091673815026
35,1,13457.959011782787
35,2,12727.608541001176
350,1,10510.20371442311
350,2,10811.48886114206
352,1,11990.385272685986
352,2,12227.903759701238
353,1,15445.325796253921
353,2,15759.825227870473
354,1,9808.823412758547
354,2,9613.285029748977
355,1,9763.24071075953
355,2,10219.84429954831
356,1,14000.26457128185
356,2,14050.902077897455
357,1,7875.92560753234
357,2,7815.714598991415
357,3,444.91895470465926
357,4,365.4654566439898
358,1,23345.032414365854
358,2,23165.685159487486
359,1,9636.21980824591
359,2,8927.36951731217
36,1,15087.542737220161
36,2,14996.016735412533
360,1,8768.962199892048
360,2,8090.086402719029
362,1,11153.082515841827
362,2,11478.994507126643
363,1,10829.065198993436
363,2,10540.833632629508
364,1,10850.302366472117
364,2,10666.262054965988
365,1,13680.975360040566
365,2,14048.148670066277
366,1,15038.766670793557
366,2,14915.68376883211
367,1,17229.486999610002
367,2,16551.610325645597
368,1,8640.494346776832
368,2,8435.87705562493
37,1,14016.17113514081
37,2,14136.101078631677
370,1,18265.533335314973
370,2,18435.42287617997
371,1,10976.278642972142
371,2,11828.73096435234
372,1,15501.674459472453
372,2,15512.449678521858
375,1,11094.01550778042
375,2,11209.606903925038
376,1,8781.514303341513
376,2,8687.001903257538
377,1,7277.503014478736
377,2,7818.507894090786
378,1,3827.0761305324063
378,2,3922.9593975535295
379,1,2902.2575919070478
379,2,2850.0661885975205
38,1,11479.590045804242
38,2,11489.910631472683
380,1,12600.769282975427
380,2,11955.268546843272
381,1,13017.4683811372
381,2,13120.651025746665
382,1,11976.292187397705
382,2,12110.289488324901
383,1,11126.171421677924
383,2,10669.621598615524
384,1,12526.02032847203
384,2,12540.51228173996
385,1,6152.307840698669
385,2,6202.954536905096
386,1,14336.506233867023
386,2,13117.600587067825
388,1,8922.513115374973
388,2,9205.08999932006
389,1,1398.7512859664034
389,2,1346.2003506200265
39,1,8769.141407057765
39,2,9168.091633651999
390,1,10382.543324527245
390,2,10578.226956959044
393,1,12265.294494538191
393,2,12165.122949772403
394,1,6875.636578951591
394,2,6924.379351175767
395,1,8005.609819300709
395,2,7948.424245632233
396,1,6455.944735818762
396,2,6601.072178309468
397,1,14227.575735204928
397,2,13806.292821554183
398,1,8745.789104459815
398,2,8877.940034309673
399,1,2821.8111418639655
399,2,2486.4866880730297
4,1,10775.445646743116
4,2,10619.202956615964
40,1,9092.900985109321
40,2,9122.879560830916
401,1,10828.26041382611
401,2,11001.382058282361
403,1,9667.762817025441
403,2,9668.228495505593
404,1,11129.380754106072
404,2,11432.085733823347
405,1,17351.70290995307
405,2,17254.6688071868
406,1,10802.955970451716
406,2,10977.956597856477
406,3,1025.3587095373748
406,4,285.27180021866866
407,1,20335.81147403041
407,2,20937.326379450515
41,1,7453.1491068617615
41,2,7467.704698855127
410,1,12919.455432445911
410,2,12997.210344465282
411,1,6335.741326332554
411,2,6447.441117771131
412,1,9272.140482313482
412,2,9688.401408199648
413,1,9556.09798565863
413,2,8979.176607546957
414,1,7327.5602495214525
414,2,7358.6756107513465
415,1,8174.578305500999
415,2,8211.380142011287
417,1,8641.16365713679
417,2,8265.370040821477
418,1,11132.612234815555
418,2,11229.175737364554
419,1,10944.20131578482
419,2,11120.925449925944
42,1,10793.868684317225
42,2,10369.585638016706
422,1,17025.524998899902
422,2,17460.201108849786
423,1,12220.92171387891
423,2,12515.758755460341
424,1,9542.709103372661
424,2,9362.974254167137
425,1,14111.779931449602
425,2,14010.007964343948
427,1,16726.71108404213
427,2,16367.134676828979
428,1,11988.323208905495
428,2,12155.288765735613
43,1,14753.181255527992
43,2,14726.799249779919
430,1,10192.546664019652
430,2,10279.018912958205
432,1,7800.13278463724
432,2,7520.433664121859
433,1,9355.705713621532
433,2,9204.692061882924
434,1,9648.305713874623
434,2,9054.642577604285
436,1,11177.399063723027
436,2,11096.002474971667
44,1,11223.098100096468
44,2,11259.662645478622
440,1,12687.732116455962
440,2,11898.412017256169
444,1,11448.720624873326
444,2,11544.449553824084
45,1,7273.2220098063935
45,2,7550.372799558296
450,1,12048.069121156197
450,2,12174.120537705927
452,1,13279.39371582379
452,2,13345.925324188845
453,1,12286.544924299396
453,2,12331.06329859298
455,1,19127.30327532765
455,2,18444.38916822386
456,1,13712.952485765296
456,2,13453.917035237737
46,1,12914.470066326214
46,2,12251.566824204849
460,1,9956.900096105122
460,2,9894.514029463573
462,1,11429.298787875094
462,2,11334.993827300917
463,1,17519.55894552346
463,2,17812.102512326004
464,1,9103.31726798259
464,2,9002.83293110894
465,1,24583.766640134007
465,2,24826.301758369606
466,1,17872.501964873725
466,2,18454.372670277564
467,1,11200.722227726494
467,2,11320.096270433138
467,3,1025.3587095373748
467,4,285.27180021866866
468,1,17151.957497689826
468,2,16878.059367468784
469,1,13703.49732083809
469,2,13132.643329114602
47,1,14318.28188356199
47,2,13795.453146584154
470,1,16290.735980030753
470,2,16217.598689077957
472,1,12802.194113218695
472,2,12813.862970553248
473,1,8073.957368657257
473,2,7988.360855773185
474,1,13082.280039021452
474,2,13370.89767697298
476,1,11068.578193542937
476,2,10830.781536391294
481,1,12412.075068892078
481,2,12300.034722144328
482,1,14475.19630079732
482,2,14035.845140554606
483,1,15776.033461917357
483,2,15422.013990188154
484,1,9386.146967093966
484,2,9566.183168335967
485,1,6168.126678612258
485,2,5950.4776280311235
485,3,230.58620947489467
485,4,230.58620947489467
486,1,13811.93916742653
486,2,13860.918715633477
487,1,12842.95685836376
487,2,13610.632828162274
488,1,8836.597193229038
488,2,7810.400012279846
49,1,9247.309108100255
49,2,9489.442353062905
490,1,17642.669970062987
490,2,17250.987481670225
491,1,12548.573681779817
491,2,12934.261524146012
492,1,20510.816283875567
492,2,20558.910245601866
493,1,18445.11762233127
493,2,16640.050119247968
496,1,11429.56761524472
496,2,11481.050757172061
497,1,2864.003769623376
497,2,3063.6901563718015
498,1,10953.847782757888
498,2,10896.16000790293
499,1,14219.158775886026
499,2,13298.059595316112
5,1,15706.95619008876
5,2,15792.725674239844
50,1,13705.390646211
50,2,13553.84482507039
507,1,2838.1874292343937
507,2,2986.439419989727
51,1,18232.316640249705
51,2,17884.4420188974
52,1,10324.824260197747
52,2,10460.52970240621
521,1,4717.065018634281
521,2,4618.350970885997
53,1,17678.966597255687
53,2,16892.144031278283
533,1,8157.870394710784
533,2,8337.066071671452
54,1,16136.748000532489
54,2,15926.599344631102
549,1,8756.556524226042
549,2,8660.826181216209
55,1,13867.285325957126
55,2,14233.29682089363
559,1,6417.608608566737
559,2,6415.353568664204
56,1,12152.97448577361
56,2,11992.053749021306
57,1,17206.504025700022
57,2,17197.599971362764
570,1,2169.0906480137
570,2,639.1814749658556
58,1,11682.93946909794
58,2,11695.480783940315
59,1,10041.246459734002
59,2,10056.510566125136
6,1,11769.923769335535
6,2,11899.22298281809
60,1,18364.071497687622
60,2,17833.463045476175
601,1,16081.153929958113
601,2,16455.892786197746
602,1,13131.441365073917
602,2,13414.3556177969
603,1,8919.141671696216
603,2,8788.931532962946
605,1,10540.314972498407
605,2,10818.810627408551
606,1,14048.744487085576
606,2,14018.806802414378
607,1,20217.867162286617
607,2,20461.20406206063
608,1,11096.14789531875
608,2,11172.68273655028
61,1,16006.067406387407
61,2,15791.735649650587
612,1,10264.806340541005
612,2,10107.987423819743
613,1,12102.005358136792
613,2,12379.293078535871
616,1,9924.450211362828
616,2,10259.917263570253
617,1,10325.939724973303
617,2,10301.60642581549
62,1,12744.90160978493
62,2,13495.845192026934
621,1,7581.711382746633
621,2,8208.993659204882
624,1,9988.248558084537
624,2,6947.145453884785
625,1,10509.424616082133
625,2,11041.658050465085
626,1,13708.361605150047
626,2,13610.876183441977
627,1,9757.149529369799
627,2,9795.653243247274
628,1,16867.824185942933
629,1,11302.332626206435
629,2,11011.156896907005
63,1,10969.994242200532
63,2,11422.662332838878
631,1,322.8513589873829
631,2,77.88452991448301
632,1,10435.618448551808
632,2,9586.426362963108
633,1,9310.203135576268
633,2,9162.65900238595
634,1,9454.766192781886
634,2,9545.475392880486
635,1,9481.478408419705
635,2,9384.214338262247
638,1,16626.26235710594
638,2,15132.703939653638
639,1,10663.864643248404
639,2,11322.741120482731
64,1,16448.794604218925
64,2,16956.356911304436
640,1,8110.745428739649
640,2,7114.806570981043
642,1,8641.861361727304
642,2,8661.776146025888
642,3,769.5522042603882
643,1,5244.66344203613
643,2,5391.330399675472
646,1,12620.791451912368
646,2,13607.020569103091
648,1,8227.07407060384
648,2,8411.423894059924
649,1,7595.550289268134
649,2,7954.013585258996
65,1,13807.398387796633
65,2,13879.256999186648
650,1,6610.115661074355
650,2,6903.320505415425
651,1,8154.393781215643
651,2,8318.208747832434
652,1,11387.356638930678
652,2,11230.83625289283
653,1,11573.701569348295
653,2,11585.223108946828
654,1,14850.473909888648
654,2,16148.194393305806
655,1,6434.386501307877
655,2,6981.945858304465
656,1,7986.944576884451
656,2,7958.907743902546
657,1,5845.633750994532
657,2,5985.873344199486
658,1,8588.352866182819
658,2,8263.313734845788
66,1,13972.936033516724
66,2,14304.466083121177
660,1,8798.457514017162
660,2,8761.259324478524
661,1,6677.136768107364
661,2,6674.777953976675
662,1,5936.985068806286
662,2,6022.178694406309
663,1,6298.084109651792
663,2,6451.989693554714
664,1,17762.520583229325
664,2,17694.763279593746
665,1,7037.069006920459
665,2,7185.219534665022
667,1,8718.950075312983
667,2,8882.128285933311
669,1,17150.168915862923
669,2,16150.777956818074
67,1,7707.0237739702625
67,2,7238.764009579887
670,1,8542.767331571322
670,2,9430.90906231688
671,1,9965.15198949993
671,2,10065.226295969567
672,1,4158.4167520222
673,1,12346.090054801105
674,1,7971.189050623358
674,2,8415.561415381235
675,1,8303.145776355004
675,2,8165.740990511189
677,1,16756.547253495064
677,2,16422.8889002474
678,1,7510.419481257332
678,2,10561.864066674942
679,1,12523.706819067678
679,2,12177.497593234833
68,1,12087.152243217262
68,2,12080.15148805542
681,1,10349.70098848194
681,2,10879.501176529015
683,1,10967.126949809868
683,2,10869.589983193879
684,1,13488.695432854505
684,2,13954.250685158431
685,1,3284.826872880914
686,1,3297.6633840453974
686,2,3083.2008238426465
686,3,6222.89998668953
687,1,6939.156985780078
687,2,6809.816982949569
688,1,17672.620571005704
688,2,17748.23552661864
689,1,6207.663547120149
689,2,6307.883588769671
69,1,9711.074737592402
69,2,10091.610327943608
690,1,9667.972448030305
690,2,9833.102898387704
692,1,10304.77872364684
696,1,18029.639672225192
696,2,17732.433881291945
697,1,11436.512090604549
697,2,10577.509386755606
698,1,13025.89186634249
698,2,12688.338767533358
699,1,13820.386374559741
699,2,13571.729546579923
7,1,9231.778210191964
7,2,9104.081204543985
70,1,13198.882704206364
70,2,13535.356901902978
71,1,9481.270359481248
71,2,9289.696634779084
718,1,6387.141803876044
72,1,5363.249250504286
72,2,5080.701193187859
73,1,9136.929839698681
73,2,8652.236810886177
74,1,10898.20811809327
74,2,11011.111304518055
75,1,13258.145854712115
75,2,13427.228508900109
76,1,13577.82704454057
76,2,13314.495929802892
77,1,12646.94435510075
77,2,12639.257111676188
78,1,9102.882899448647
78,2,9368.428057282372
79,1,11065.358206180526
79,2,11046.35596669553
8,1,9278.687124548118
8,2,9690.305547991073
80,1,12993.2410593222
80,2,12884.35185056972
81,1,18494.22323976134
81,2,18026.374650708436
83,1,11993.739275438886
83,2,11903.210306084464
85,1,10600.44509167902
85,2,10575.774680376118
86,1,14835.118733516607
86,2,14625.33620205546
87,1,9638.280525159647
87,2,9818.555116794527
88,1,13143.672761961187
88,2,12985.21047451389
89,1,17157.27794205349
89,2,17124.460444688644
9,1,8186.95237753435
9,2,8097.1445813567425
90,1,16218.500197147723
90,2,15937.914166044617
91,1,9896.935543133786
91,2,10134.261562926704
92,1,13351.383570835827
92,2,13024.382643088999
93,1,14251.119906778426
93,2,13990.094164745093
94,1,9930.12558698761
94,2,9832.958054726265
95,1,15903.795375488084
95,2,15922.263357818776
96,1,17641.771824187603
96,2,17739.95051445114
969,1,12681.053966803403
969,2,12097.712736278065
97,1,12280.635243246916
97,2,11977.480877986422
98,1,10167.386044396082
98,2,10149.640415500535
99,1,16735.850772487294
99,2,15591.730729097435
A10,1,11091.637537779792
A10,2,11320.83035277948
B11,1,12043.12875489342
B11,2,11672.82985685541
B12,1,15446.375489580223
B12,2,15539.254584412163
B13,1,9381.648008598762
B13,2,7472.546428753224
B14,1,15911.486597646117
B14,2,15514.642939762136
B15,1,11456.824157655763
B15,2,12323.273096679955
B16,1,13077.775727559
B16,2,12888.386340475601
C1,1,9060.589157971104
C1,2,8007.862005766175
C10,1,12453.765871387224
C10,2,12545.138012223999
C11,1,11927.05195449052
C11,2,11239.339618056112
C3,1,5818.173957155285
C3,2,6251.096728706478
D3,1,8971.474648491698
D3,2,9677.78000050082
D6,1,7558.402359757826
D6,2,7450.51049977148
D7,1,8740.985336783868
D7,2,8622.99080399501
D8,1,7901.769813127766
D8,2,7199.5485244449355
E1,1,4380.3033026877365
E1,2,4396.209212177588
E10,1,9754.59544376979
E10,2,9762.253253573386
E11,1,6054.867772905902
E11,2,5746.127263444049
E2,1,9319.926046544997
E2,2,9802.356194812743
E3,1,13776.434284410094
E3,2,13697.535124509015
E5,1,9991.63147506708
E5,2,10235.097029507186
E6,1,11336.53975178347
E6,2,11491.780473225408
E7,1,12658.709938567055
E7,2,12593.149090254776
E7,3,1112.4411984497483
E7,4,983.7111444465448
E8,1,11108.637597844707
E8,2,10873.20259440665
E9,1,9068.812192668818
E9,2,9165.56963470441
EL1,1,7113.97513171452
EL1,2,7033.68534944651
EL2,1,11464.722694533039
EL2,2,11546.079842409637
EL3,1,10996.676289308656
EL3,2,10852.741227522782
G1,1,14826.726785899054
G1,2,13493.538223704923
H10,1,15028.568742282901
H11,1,10206.202898726162
H11,2,10338.857831747486
H12,1,13350.52815796263
H12,2,13323.314443574776
H13,1,11462.78139141907
H13,2,11512.84054771291
H14,1,6146.088533876987
H14,2,6065.509875378642
H17,1,6854.701343908422
H17,2,7120.352964728699
H18,1,12714.79418537631
H19,1,13122.1037568569
H2,1,3966.2466776230167
H20,1,5630.12663808917
H20,2,5485.968789271653
H22,1,11039.381189826137
H22,2,11189.178651034741
H25,1,10700.164943627882
H25,2,10840.611540339558
H26,1,7450.117594445072
H26,2,7134.677921196157
H28,1,15825.436828165462
H28,2,16077.299753005631
H3,1,4914.434944374155
H3,2,5886.420595457375
H32,1,8052.437467113531
H32,2,8084.053217222952
H37,1,7122.74987468986
H37,2,7241.584707617721
H9,1,15092.872759657594
H91,1,12099.70559456834
H91,2,11839.373568783085
H98,1,13051.59930308529
H98,2,13165.043342993136
K1,1,11616.785444183162
K1,2,11067.500447484452
K1,4,363.85857304420387
K2,1,10716.177166411739
K2,2,10940.193231335441
K3,1,17620.827123730454
K3,2,17764.669902017806
K3,3,474.68410548490033
K3,4,497.4193401949707
K4,1,9843.88411595553
K4,2,9869.569317337251
K5,1,14577.237147622314
K5,2,14571.647891765671
N1,1,25572.77874315063
N1,2,25214.530755376352
N109,1,17610.462575481662
N109,2,17913.503070538984
N11,1,24610.252626662565
N11,2,23983.859563649155
N113,1,19495.30360996831
N113,2,19028.6413620673
N133,1,18703.922258048115
N133,2,18734.158290319014
N136,1,26188.96165141762
N136,2,25814.209166422617
N137,1,16483.86584126262
N137,2,16246.568601180696
N140,1,20021.8568146645
N140,2,19157.241225744896
N15,1,27797.166535184166
N15,2,27640.882990694707
N155,1,16108.01900521633
N155,2,16475.948961572947
N16,1,16292.401001462236
N16,2,16328.596568911533
N171,1,17712.471021942376
N171,2,17669.384293271403
N18,1,22367.607715385508
N18,2,22310.57722880015
N19,1,14905.768878163275
N19,2,14702.634172486369
N199,1,32406.206615139083
N199,2,32374.462136907023
N2,1,14330.322564182896
N2,2,14261.965736231467
N20,1,21458.17606606537
N20,2,21232.532955650342
N205,1,16262.844978904119
N205,2,16524.413719761244
N207,1,27234.789826837954
N207,2,27250.01777932392
N21,1,25603.07290695371
N21,2,25552.214212504867
N22,1,19885.898813730702
N22,2,19954.196986292238
N242,1,11453.014229098713
N242,2,11626.571786942472
N25,1,16825.727233457237
N25,2,17068.501341969128
N250,1,12588.004440187893
N250,2,12715.425795844327
N253,1,17942.707744535714
N253,2,17696.14940340547
N26,1,21655.418060649
N26,2,21729.991466434305
N266,1,15567.74177407081
N266,2,15470.381484202368
N27,1,10354.433573297072
N27,2,11125.021378359032
N277,1,14629.024124214675
N277,2,14887.034272906827
N279,1,22591.391292653712
N279,2,22600.89236999991
N28,1,17581.12521687404
N28,2,15393.055380725928
N29,1,19177.09635673519
N29,2,19049.387296573314
N3,1,23817.016831566303
N3,2,23566.647384703458
N31,1,15707.676779399131
N31,2,15086.54878174078
N33,1,15770.192055417458
N33,2,15796.154887539642
N343,1,13292.767658117948
N343,2,13562.911236402144
N38,1,16097.145307499115
N38,2,16118.127793813326
N381,1,14005.217018599824
N381,2,14278.031105135988
N41,1,15585.755591940166
N41,2,15478.354077667547
N44,1,23093.623554044385
N44,2,23248.085961481822
N5,1,20497.060946269492
N5,2,20149.555756387013
N53,1,18840.263565415906
N53,2,18121.830772431447
N55,1,21778.54794010174
N55,2,21637.117295393833
N550,1,15760.431993389075
N550,2,15599.098402081067
N551,1,18482.529235299986
N551,2,17741.119873756503
N63,1,14934.249690246766
N63,2,15492.152823069215
N65,1,22749.70236867815
N65,2,22585.509300795384
N68,1,28533.229986271934
N68,2,28940.387658129155
N7,1,23047.148564931496
N7,2,22561.272740432763
N72,1,12863.669613051778
N72,2,12841.252987571632
N73,1,16158.611760605254
N73,2,16084.50028674729
N74,1,15385.998879502145
N74,2,15352.045782957752
N8,1,24824.600907024695
N8,2,24704.733779252914
N83,1,19227.304203306783
N83,2,19278.581467476077
N86,1,22273.818570090007
N86,2,21622.687192361456
N87,1,23862.407973354035
N87,2,23318.79938191399
N89,1,32306.152415018245
N89,2,32082.52466833668
N9,1,29051.79459960095
N9,2,29964.570233163424
N91,1,22015.175676994073
N91,2,22151.11526807923
N97,1,9236.242851365227
N97,2,9084.466832079228
N98,1,20662.67296979775
N98,2,20743.876077914265
P12,1,12206.557289646793
P12,2,12414.544335291403
P13,1,12726.934623102738
P13,2,12984.329769122014
P4,1,10992.816222866555
P4,2,11237.434814478509
P5,1,9454.310103239597
P5,2,9583.78423290565
R1,1,12262.509877801367
R1,2,12163.830453569903
R10,1,3765.1376662549437
R10,2,15126.646250605263
R11,1,11809.658558577632
R11,2,11908.16505712728
R2,1,13282.99486196863
R2,2,13442.883740055953
R3,1,10430.355374890294
R3,2,10388.218257318887
R4,1,9457.70831421604
R4,2,9648.967239212774
R5,1,3765.1376662549437
R5,2,15261.888130414125
R6,1,5651.334996662069
R6,2,6348.045634471449
R68,1,13757.133928304986
R68,2,13630.622163096834
R7,1,16331.928190836743
R7,2,14621.086061475562
R70,1,12860.76037547281
R70,2,8943.113914022788
R8,1,10858.521131584457
R8,2,10132.67188117965
R9,1,2233.593736775377
R9,2,5008.62194519567
S1,1,14497.505998379176
S1,2,14740.51857253707
S3,1,12962.26016409975
S3,2,13286.599896222271
S4,1,14384.23894088565
S4,2,14241.381175499713
TR1,1,1821.577568435344
TR1,2,2114.4633990869474
TR2,1,8344.090278076272
TR2,2,8041.475617897782
TR3,1,17652.44857037984
TR3,2,17423.415435163017
TR4,1,1821.577568435344
TR4,2,1399.672104458755
U1,1,11609.984834315708
U1,2,11574.176336102788
U10,1,7658.6507261650995
U10,2,6806.21170093783
U2,1,7700.385836721583
U2,2,7836.386205089255
U3,1,13230.489726886495
U3,2,12774.999190615275
U4,1,10836.650701243718
U4,2,11095.107086258808
U5,1,12263.031806248926
U5,2,12468.090406979194
U7,1,10348.620389679063
U7,2,10063.390878726399
U9,1,9359.763539882064
U9,2,7206.4128137694815
UL1,1,7315.31279058038
UL1,2,6216.205883512486
UL10,1,8599.38552667911
UL10,2,11514.50962904679
UL11,1,5711.381137757036
UL11,2,5583.809887049597
UL12,1,9950.486448602343
UL12,2,9962.329303068887
UL13,1,7964.102312373163
UL13,2,7877.384642349072
UL14,1,8092.713785256435
UL14,2,5419.683997316956
UL15,1,8839.683194356712
UL15,2,8874.483262403588
UL16,1,13498.173404633138
UL16,2,9749.675304916373
UL17,1,14888.907591503008
UL17,2,14898.006658249778
UL18,1,10284.9579929617
UL18,2,10307.361590465753
UL19,1,15194.823870527867
UL19,2,15326.796773404965
UL2,1,15956.547444279346
UL2,2,15432.139375940624
UL20,1,12694.768826250487
UL20,2,12684.103105746304
UL21,1,10202.583125952366
UL21,2,10189.716123482856
UL22,1,1461.6104132086634
UL23,1,4791.313751026307
UL23,2,4993.98989501726
UL24,1,12592.64004587212
UL24,2,12636.497218303442
UL25,1,6098.334085080123
UL25,2,11949.234191070322
UL26,1,8382.756744590592
UL26,2,8321.855647527665
UL27,1,1494.210955548587
UL27,2,1497.4538772721946
UL28,1,4541.763668712151
UL28,2,4676.578463254773
UL3,1,11582.882497265518
UL3,2,11778.457385727832
UL30,1,8649.617809049218
UL30,2,3683.677290484132
UL31,1,6385.277072692881
UL31,2,6359.55969601458
UL32,1,7855.122708150211
UL32,2,8303.212763805599
UL33,1,9490.00081365034
UL33,2,9175.0269509155
UL34,1,4618.1065751158785
UL34,2,4662.633452728159
UL35,1,6927.352728253804
UL35,2,7018.549558613425
UL36,1,7389.428652867155
UL36,2,7211.1218688371755
UL37,1,3231.912667510758
UL37,2,3385.5991342109687
UL38,1,8072.952910851083
UL38,2,8820.984383421639
UL39,1,14947.847794063522
UL4,1,10625.203681678784
UL4,2,10523.353883430269
UL40,1,12855.987357017237
UL40,2,15894.042043247555
UL41,1,9569.775572878949
UL41,2,8853.20000927282
UL42,1,10213.568055979225
UL42,2,10189.716123482856
UL43,1,8358.133185279643
UL43,2,3937.4842037342405
UL44,1,6953.474869157402
UL44,2,7004.838858708419
UL46,1,3551.3870330358177
UL46,2,3201.596095319618
UL47,1,6686.221871678567
UL47,2,6743.564790469629
UL48,1,3164.487004239392
UL48,2,3162.1891151542472
UL49,1,7231.025490125325
UL49,2,7609.751693978
UL5,1,11952.257089037626
UL5,2,10678.8095568931
UL50,1,8353.589142629116
UL50,2,8139.9032765336815
UL51,1,10585.57693427225
UL51,2,10491.057873195017
UL52,1,1900.2470987366326
UL52,2,1932.0979615441033
UL53,1,11948.419998784635
UL53,2,12435.697342348803
UL55,1,11997.013091518054
UL55,2,11628.352820282926
UL56,1,11388.827591273388
UL56,2,11283.614120546008
UL57,1,4953.778464415638
UL57,2,5009.763300656373
UL58,1,6054.809846040691
UL58,2,6611.63682980179
UL6,1,9490.832682120152
UL60,1,8599.38552667911
UL60,2,11514.50962904679
UL61,1,6801.736126173957
UL61,2,6828.158106181296
UL62,1,7326.900746642091
UL62,2,6843.690353652522
UL63,1,7400.394623804267
UL63,2,5786.870148302633
UL64,1,8410.744530590506
UL64,2,8113.623665337692
UL65,1,10284.9579929617
UL65,2,18631.312881838803
UL66,1,8353.589142629116
UL66,2,16463.854567906732
UL67,1,8054.878814964483
UL67,2,8070.607493670824
UL68,1,6601.798130984864
UL68,2,6670.237746330539
UL69,1,8599.38552667911
UL69,2,11514.50962904679
UL7,1,9541.751991121015
UL7,2,9548.791072054424
UL70,1,10202.583125952366
UL70,2,10189.716123482856
UL71,1,11579.74679845865
UL71,2,11882.22941240083
UL72,1,9977.239846576998
UL72,2,10020.95556863236
UL73,1,6714.443839030089
UL73,2,6856.074532188078
UL74,1,10829.87943055623
UL74,2,10756.588313564373
UL75,1,7446.031598842428
UL75,2,7557.215034365358
UL76,1,4731.56005309016
UL76,2,4719.009856756329
UL77,1,9697.128678160509
UL77,2,9260.519237928447
UL78,1,10653.663134739438
UL78,2,10553.023349493864
UL79,1,12973.827169785189
UL79,2,12891.04501872743
UL8,1,6517.938416776637
UL8,2,6826.525397041566
UL80,1,6620.690576786936
UL80,2,6651.475027102645
UL81,1,13121.85546963439
UL81,2,13265.959558758184
UL82,1,5417.517604955244
UL82,2,2915.104972380926
UL85,1,10293.367461914031
UL85,2,8853.726076267067
UL86,1,11417.976069591232
UL86,2,7069.0846203359915
UL87,1,10018.495897212406
UL87,2,9822.490656986793
UL88,1,9497.81488556157
UL88,2,3674.7602206798338
UL89,1,5374.944092952098
UL89,2,5496.055714029062
UL9,1,6739.975893368975
UL9,2,6856.074532188078
UL91,1,12820.281621633105
UL91,2,13103.65831541933
UL92,1,19611.729891286355
UL92,2,14009.464300964544
UL96,1,14896.238232525804
UL96,2,14907.147728624574
W11,1,6250.937139722026
W11,2,6383.212599711444
W12,1,9571.858149214917
W12,2,9731.49126508011
W13,1,6441.501580126428
W13,2,6409.972539437775
W14,1,10918.031393041952
W14,2,11278.751048674958
W15,1,12693.520141148092
W15,2,12222.291278066523
W16,1,9100.54160351794
W16,2,9101.481913974849
W19,1,12587.179804382202
W19,2,12589.681655949742
W3,1,10522.944456138322
W3,2,10566.896888333633
W4,1,9448.322498972177
W4,2,9066.751175785972
W5,1,4403.256903660826
W5,2,4059.999320552694
W6,1,6470.001176578813
W6,2,6797.855595918722
W7,1,3827.2262597161534
W7,2,3823.279603377106
W8,1,9434.495899722739
W8,2,9446.994120226298
W9,1,8223.417750396475
W9,2,8165.690252633453
X140,1,14900.72871696705
X140,2,14821.371158705806
X26,1,30937.16603150791
X26,2,31094.57275527052
X68,1,17299.84098664891
X68,2,17573.124390512876
